"","error_rate","red","green","blue"
"1",8e-04,67,8,86
"2",0.00080094281941692,67.03,8.14,86.12
"3",0.000801886749969405,67.06,8.28,86.24
"4",0.000802831792966957,67.09,8.42,86.36
"5",0.000803777949720619,67.12,8.56,86.48
"6",0.00080472522154298,67.15,8.7,86.6
"7",0.000805673609748174,67.18,8.84,86.72
"8",0.000806623115651887,67.21,8.98,86.84
"9",0.000807573740571353,67.24,9.12,86.96
"10",0.000808525485825359,67.27,9.26,87.08
"11",0.000809478352734247,67.3,9.4,87.2
"12",0.000810432342619914,67.33,9.54,87.32
"13",0.000811387456805816,67.36,9.68,87.44
"14",0.000812343696616968,67.39,9.82,87.56
"15",0.000813301063379947,67.42,9.96,87.68
"16",0.000814259558422892,67.45,10.1,87.8
"17",0.000815219183075508,67.48,10.24,87.92
"18",0.000816179938669069,67.51,10.38,88.04
"19",0.000817141826536416,67.54,10.52,88.16
"20",0.000818104848011961,67.57,10.66,88.28
"21",0.000819069004431688,67.6,10.8,88.4
"22",0.000820034297133157,67.63,10.94,88.52
"23",0.000821000727455503,67.66,11.08,88.64
"24",0.000821968296739441,67.69,11.22,88.76
"25",0.000822937006327264,67.72,11.36,88.88
"26",0.000823906857562847,67.75,11.5,89
"27",0.000824877851791651,67.78,11.64,89.12
"28",0.000825849990360722,67.81,11.78,89.24
"29",0.00082682327461869,67.84,11.92,89.36
"30",0.000827797705915779,67.87,12.06,89.48
"31",0.000828773285603803,67.9,12.2,89.6
"32",0.000829750015036167,67.93,12.34,89.72
"33",0.000830727895567874,67.96,12.48,89.84
"34",0.000831706928555522,67.99,12.62,89.96
"35",0.000832687115357307,68.02,12.76,90.08
"36",0.000833668457333029,68.05,12.9,90.2
"37",0.000834650955844088,68.08,13.04,90.32
"38",0.000835634612253488,68.11,13.18,90.44
"39",0.000836619427925842,68.14,13.32,90.56
"40",0.000837605404227367,68.17,13.46,90.68
"41",0.000838592542525895,68.2,13.6,90.8
"42",0.000839580844190867,68.23,13.74,90.92
"43",0.000840570310593338,68.26,13.88,91.04
"44",0.00084156094310598,68.29,14.02,91.16
"45",0.000842552743103081,68.32,14.16,91.28
"46",0.000843545711960552,68.35,14.3,91.4
"47",0.000844539851055921,68.38,14.44,91.52
"48",0.000845535161768344,68.41,14.58,91.64
"49",0.000846531645478598,68.44,14.72,91.76
"50",0.000847529303569091,68.47,14.86,91.88
"51",0.000848528137423857,68.5,15,92
"52",0.000849528148428564,68.53,15.14,92.12
"53",0.000850529337970512,68.56,15.28,92.24
"54",0.000851531707438635,68.59,15.42,92.36
"55",0.000852535258223505,68.62,15.56,92.48
"56",0.000853539991717332,68.65,15.7,92.6
"57",0.000854545909313967,68.68,15.84,92.72
"58",0.000855553012408905,68.71,15.98,92.84
"59",0.000856561302399284,68.74,16.12,92.96
"60",0.000857570780683889,68.77,16.26,93.08
"61",0.000858581448663153,68.8,16.4,93.2
"62",0.000859593307739161,68.83,16.54,93.32
"63",0.00086060635931565,68.86,16.68,93.44
"64",0.000861620604798009,68.89,16.82,93.56
"65",0.000862636045593286,68.92,16.96,93.68
"66",0.000863652683110186,68.95,17.1,93.8
"67",0.000864670518759074,68.98,17.24,93.92
"68",0.000865689553951979,69.01,17.38,94.04
"69",0.000866709790102592,69.04,17.52,94.16
"70",0.000867731228626271,69.07,17.66,94.28
"71",0.000868753870940041,69.1,17.8,94.4
"72",0.000869777718462599,69.13,17.94,94.52
"73",0.000870802772614312,69.16,18.08,94.64
"74",0.000871829034817222,69.19,18.22,94.76
"75",0.000872856506495047,69.22,18.36,94.88
"76",0.000873885189073182,69.25,18.5,95
"77",0.000874915083978703,69.28,18.64,95.12
"78",0.000875946192640367,69.31,18.78,95.24
"79",0.000876978516488614,69.34,18.92,95.36
"80",0.000878012056955573,69.37,19.06,95.48
"81",0.000879046815475056,69.4,19.2,95.6
"82",0.00088008279348257,69.43,19.34,95.72
"83",0.000881119992415311,69.46,19.48,95.84
"84",0.000882158413712167,69.49,19.62,95.96
"85",0.000883198058813725,69.52,19.76,96.08
"86",0.00088423892916227,69.55,19.9,96.2
"87",0.000885281026201782,69.58,20.04,96.32
"88",0.000886324351377949,69.61,20.18,96.44
"89",0.000887368906138159,69.64,20.32,96.56
"90",0.000888414691931506,69.67,20.46,96.68
"91",0.000889461710208793,69.7,20.6,96.8
"92",0.000890509962422532,69.73,20.74,96.92
"93",0.000891559450026947,69.76,20.88,97.04
"94",0.000892610174477977,69.79,21.02,97.16
"95",0.000893662137233274,69.82,21.16,97.28
"96",0.000894715339752211,69.85,21.3,97.4
"97",0.000895769783495878,69.88,21.44,97.52
"98",0.00089682546992709,69.91,21.58,97.64
"99",0.000897882400510384,69.94,21.72,97.76
"100",0.000898940576712024,69.97,21.86,97.88
"101",9e-04,70,22,98
"102",0.000900948744354127,70.02,22.1,98.11
"103",0.000901898488836975,70.04,22.2,98.22
"104",0.000902849234502842,70.06,22.3,98.33
"105",0.000903800982407133,70.08,22.4,98.44
"106",0.00090475373360637,70.1,22.5,98.55
"107",0.000905707489158186,70.12,22.6,98.66
"108",0.000906662250121329,70.14,22.7,98.77
"109",0.000907618017555665,70.16,22.8,98.88
"110",0.000908574792522176,70.18,22.9,98.99
"111",0.000909532576082962,70.2,23,99.1
"112",0.000910491369301244,70.22,23.1,99.21
"113",0.000911451173241361,70.24,23.2,99.32
"114",0.000912411988968778,70.26,23.3,99.43
"115",0.00091337381755008,70.28,23.4,99.54
"116",0.000914336660052977,70.3,23.5,99.65
"117",0.000915300517546307,70.32,23.6,99.76
"118",0.000916265391100031,70.34,23.7,99.87
"119",0.000917231281785239,70.36,23.8,99.98
"120",0.000918198190674153,70.38,23.9,100.09
"121",0.000919166118840122,70.4,24,100.2
"122",0.000920135067357626,70.42,24.1,100.31
"123",0.000921105037302281,70.44,24.2,100.42
"124",0.000922076029750835,70.46,24.3,100.53
"125",0.000923048045781171,70.48,24.4,100.64
"126",0.000924021086472307,70.5,24.5,100.75
"127",0.000924995152904401,70.52,24.6,100.86
"128",0.000925970246158749,70.54,24.7,100.97
"129",0.000926946367317785,70.56,24.8,101.08
"130",0.000927923517465086,70.58,24.9,101.19
"131",0.000928901697685371,70.6,25,101.3
"132",0.000929880909064502,70.62,25.1,101.41
"133",0.000930861152689486,70.64,25.2,101.52
"134",0.000931842429648475,70.66,25.3,101.63
"135",0.000932824741030769,70.68,25.4,101.74
"136",0.000933808087926816,70.7,25.5,101.85
"137",0.000934792471428215,70.72,25.6,101.96
"138",0.000935777892627712,70.74,25.7,102.07
"139",0.000936764352619209,70.76,25.8,102.18
"140",0.000937751852497759,70.78,25.9,102.29
"141",0.00093874039335957,70.8,26,102.4
"142",0.000939729976302003,70.82,26.1,102.51
"143",0.000940720602423582,70.84,26.2,102.62
"144",0.000941712272823982,70.86,26.3,102.73
"145",0.000942704988604042,70.88,26.4,102.84
"146",0.000943698750865758,70.9,26.5,102.95
"147",0.000944693560712292,70.92,26.6,103.06
"148",0.000945689419247965,70.94,26.7,103.17
"149",0.000946686327578264,70.96,26.8,103.28
"150",0.000947684286809841,70.98,26.9,103.39
"151",0.000948683298050514,71,27,103.5
"152",0.000949683362409269,71.02,27.1,103.61
"153",0.000950684480996262,71.04,27.2,103.72
"154",0.000951686654922819,71.06,27.3,103.83
"155",0.000952689885301437,71.08,27.4,103.94
"156",0.000953694173245785,71.1,27.5,104.05
"157",0.000954699519870708,71.12,27.6,104.16
"158",0.000955705926292225,71.14,27.7,104.27
"159",0.000956713393627531,71.16,27.8,104.38
"160",0.000957721922994999,71.18,27.9,104.49
"161",0.000958731515514183,71.2,28,104.6
"162",0.000959742172305813,71.22,28.1,104.71
"163",0.000960753894491805,71.24,28.2,104.82
"164",0.000961766683195254,71.26,28.3,104.93
"165",0.000962780539540442,71.28,28.4,105.04
"166",0.000963795464652834,71.3,28.5,105.15
"167",0.000964811459659081,71.32,28.6,105.26
"168",0.000965828525687023,71.34,28.7,105.37
"169",0.00096684666386569,71.36,28.8,105.48
"170",0.0009678658753253,71.38,28.9,105.59
"171",0.000968886161197263,71.4,29,105.7
"172",0.000969907522614183,71.42,29.1,105.81
"173",0.000970929960709855,71.44,29.2,105.92
"174",0.000971953476619273,71.46,29.3,106.03
"175",0.000972978071478625,71.48,29.4,106.14
"176",0.000974003746425297,71.5,29.5,106.25
"177",0.000975030502597874,71.52,29.6,106.36
"178",0.000976058341136142,71.54,29.7,106.47
"179",0.000977087263181088,71.56,29.8,106.58
"180",0.000978117269874902,71.58,29.9,106.69
"181",0.000979148362360977,71.6,30,106.8
"182",0.000980180541783913,71.62,30.1,106.91
"183",0.000981213809289516,71.64,30.2,107.02
"184",0.000982248166024799,71.66,30.3,107.13
"185",0.000983283613137985,71.68,30.4,107.24
"186",0.000984320151778507,71.7,30.5,107.35
"187",0.000985357783097011,71.72,30.6,107.46
"188",0.000986396508245353,71.74,30.7,107.57
"189",0.000987436328376607,71.76,30.8,107.68
"190",0.000988477244645059,71.78,30.9,107.79
"191",0.000989519258206214,71.8,31,107.9
"192",0.000990562370216795,71.82,31.1,108.01
"193",0.000991606581834744,71.84,31.2,108.12
"194",0.000992651894219223,71.86,31.3,108.23
"195",0.000993698308530616,71.88,31.4,108.34
"196",0.000994745825930531,71.9,31.5,108.45
"197",0.000995794447581801,71.92,31.6,108.56
"198",0.000996844174648483,71.94,31.7,108.67
"199",0.000997895008295863,71.96,31.8,108.78
"200",0.000998946949690454,71.98,31.9,108.89
"201",0.001,72,32,109
"202",0.00100695555005672,71.9,32.64,109.32
"203",0.00101395947979003,71.8,33.28,109.64
"204",0.00102101212570719,71.7,33.92,109.96
"205",0.00102811382665607,71.6,34.56,110.28
"206",0.00103526492384138,71.5,35.2,110.6
"207",0.00104246576084112,71.4,35.84,110.92
"208",0.00104971668362307,71.3,36.48,111.24
"209",0.00105701804056138,71.2,37.12,111.56
"210",0.00106437018245336,71.1,37.76,111.88
"211",0.00107177346253629,71,38.4,112.2
"212",0.00107922823650443,70.9,39.04,112.52
"213",0.00108673486252606,70.8,39.68,112.84
"214",0.00109429370126074,70.7,40.32,113.16
"215",0.00110190511587661,70.6,40.96,113.48
"216",0.00110956947206785,70.5,41.6,113.8
"217",0.00111728713807222,70.4,42.24,114.12
"218",0.00112505848468881,70.3,42.88,114.44
"219",0.0011328838852958,70.2,43.52,114.76
"220",0.00114076371586842,70.1,44.16,115.08
"221",0.00114869835499704,70,44.8,115.4
"222",0.00115668818390529,69.9,45.44,115.72
"223",0.00116473358646846,69.8,46.08,116.04
"224",0.00117283494923188,69.7,46.72,116.36
"225",0.00118099266142953,69.6,47.36,116.68
"226",0.00118920711500272,69.5,48,117
"227",0.00119747870461893,69.4,48.64,117.32
"228",0.00120580782769076,69.3,49.28,117.64
"229",0.00121419488439505,69.2,49.92,117.96
"230",0.00122264027769207,69.1,50.56,118.28
"231",0.00123114441334492,69,51.2,118.6
"232",0.00123970769993899,68.9,51.84,118.92
"233",0.00124833054890161,68.8,52.48,119.24
"234",0.00125701337452183,68.7,53.12,119.56
"235",0.00126575659397028,68.6,53.76,119.88
"236",0.00127456062731926,68.5,54.4,120.2
"237",0.0012834258975629,68.4,55.04,120.52
"238",0.00129235283063749,68.3,55.68,120.84
"239",0.00130134185544193,68.2,56.32,121.16
"240",0.00131039340385836,68.1,56.96,121.48
"241",0.00131950791077289,68,57.6,121.8
"242",0.00132868581409651,67.9,58.24,122.12
"243",0.00133792755478611,67.8,58.88,122.44
"244",0.00134723357686569,67.7,59.52,122.76
"245",0.00135660432744767,67.6,60.16,123.08
"246",0.0013660402567544,67.5,60.8,123.4
"247",0.00137554181813974,67.4,61.44,123.72
"248",0.00138510946811092,67.3,62.08,124.04
"249",0.00139474366635041,67.2,62.72,124.36
"250",0.001404444875738,67.1,63.36,124.68
"251",0.0014142135623731,67,64,125
"252",0.00142405019559707,66.9,64.64,125.32
"253",0.00143395524801583,66.8,65.28,125.64
"254",0.0014439291955225,66.7,65.92,125.96
"255",0.00145397251732031,66.6,66.56,126.28
"256",0.00146408569594563,66.5,67.2,126.6
"257",0.0014742692172911,66.4,67.84,126.92
"258",0.00148452357062905,66.3,68.48,127.24
"259",0.00149484924863494,66.2,69.12,127.56
"260",0.00150524674741107,66.1,69.76,127.88
"261",0.0015157165665104,66,70.4,128.2
"262",0.00152625920896056,65.9,71.04,128.52
"263",0.00153687518128801,65.8,71.68,128.84
"264",0.00154756499354239,65.7,72.32,129.16
"265",0.001558329159321,65.6,72.96,129.48
"266",0.0015691681957935,65.5,73.6,129.8
"267",0.00158008262372675,65.4,74.24,130.12
"268",0.00159107296750984,65.3,74.88,130.44
"269",0.00160213975517924,65.2,75.52,130.76
"270",0.00161328351844425,65.1,76.16,131.08
"271",0.00162450479271247,65,76.8,131.4
"272",0.00163580411711556,64.9,77.44,131.72
"273",0.00164718203453515,64.8,78.08,132.04
"274",0.00165863909162888,64.7,78.72,132.36
"275",0.00167017583885674,64.6,79.36,132.68
"276",0.00168179283050743,64.5,80,133
"277",0.00169349062472505,64.4,80.64,133.32
"278",0.00170526978353591,64.3,81.28,133.64
"279",0.00171713087287551,64.2,81.92,133.96
"280",0.00172907446261573,64.1,82.56,134.28
"281",0.00174110112659225,64,83.2,134.6
"282",0.00175321144263207,63.9,83.84,134.92
"283",0.00176540599258131,63.8,84.48,135.24
"284",0.00177768536233314,63.7,85.12,135.56
"285",0.00179005014185595,63.6,85.76,135.88
"286",0.00180250092522166,63.5,86.4,136.2
"287",0.00181503831063432,63.4,87.04,136.52
"288",0.0018276629004588,63.3,87.68,136.84
"289",0.00184037530124975,63.2,88.32,137.16
"290",0.00185317612378074,63.1,88.96,137.48
"291",0.00186606598307361,63,89.6,137.8
"292",0.00187904549842802,62.9,90.24,138.12
"293",0.00189211529345119,62.8,90.88,138.44
"294",0.00190527599608787,62.7,91.52,138.76
"295",0.00191852823865053,62.6,92.16,139.08
"296",0.00193187265784969,62.5,92.8,139.4
"297",0.00194530989482457,62.4,93.44,139.72
"298",0.00195884059517385,62.3,94.08,140.04
"299",0.00197246540898672,62.2,94.72,140.36
"300",0.00198618499087407,62.1,95.36,140.68
"301",0.002,62,96,141
"302",0.00200812576459985,61.97,96.31,141.01
"303",0.00201628454322486,61.94,96.62,141.02
"304",0.00202447647000714,61.91,96.93,141.03
"305",0.00203270167962374,61.88,97.24,141.04
"306",0.00204096030729891,61.85,97.55,141.05
"307",0.00204925248880628,61.82,97.86,141.06
"308",0.00205757836047112,61.79,98.17,141.07
"309",0.00206593805917258,61.76,98.48,141.08
"310",0.00207433172234593,61.73,98.79,141.09
"311",0.00208275948798482,61.7,99.1,141.1
"312",0.00209122149464355,61.67,99.41,141.11
"313",0.00209971788143936,61.64,99.72,141.12
"314",0.00210824878805469,61.61,100.03,141.13
"315",0.00211681435473951,61.58,100.34,141.14
"316",0.00212541472231361,61.55,100.65,141.15
"317",0.00213405003216889,61.52,100.96,141.16
"318",0.00214272042627174,61.49,101.27,141.17
"319",0.00215142604716532,61.46,101.58,141.18
"320",0.00216016703797194,61.43,101.89,141.19
"321",0.0021689435423954,61.4,102.2,141.2
"322",0.00217775570472333,61.37,102.51,141.21
"323",0.00218660366982961,61.34,102.82,141.22
"324",0.0021954875831767,61.31,103.13,141.23
"325",0.00220440759081809,61.28,103.44,141.24
"326",0.00221336383940064,61.25,103.75,141.25
"327",0.00222235647616703,61.22,104.06,141.26
"328",0.00223138564895817,61.19,104.37,141.27
"329",0.00224045150621563,61.16,104.68,141.28
"330",0.00224955419698407,61.13,104.99,141.29
"331",0.00225869387091371,61.1,105.3,141.3
"332",0.00226787067826279,61.07,105.61,141.31
"333",0.00227708476990002,61.04,105.92,141.32
"334",0.00228633629730707,61.01,106.23,141.33
"335",0.00229562541258107,60.98,106.54,141.34
"336",0.0023049522684371,60.95,106.85,141.35
"337",0.0023143170182107,60.92,107.16,141.36
"338",0.0023237198158604,60.89,107.47,141.37
"339",0.00233316081597024,60.86,107.78,141.38
"340",0.00234264017375232,60.83,108.09,141.39
"341",0.00235215804504935,60.8,108.4,141.4
"342",0.0023617145863372,60.77,108.71,141.41
"343",0.0023713099547275,60.74,109.02,141.42
"344",0.00238094430797019,60.71,109.33,141.43
"345",0.00239061780445615,60.68,109.64,141.44
"346",0.00240033060321975,60.65,109.95,141.45
"347",0.00241008286394154,60.62,110.26,141.46
"348",0.0024198747469508,60.59,110.57,141.47
"349",0.00242970641322821,60.56,110.88,141.48
"350",0.00243957802440853,60.53,111.19,141.49
"351",0.00244948974278318,60.5,111.5,141.5
"352",0.00245944173130297,60.47,111.81,141.51
"353",0.00246943415358078,60.44,112.12,141.52
"354",0.00247946717389419,60.41,112.43,141.53
"355",0.00248954095718824,60.38,112.74,141.54
"356",0.00249965566907814,60.35,113.05,141.55
"357",0.00250981147585194,60.32,113.36,141.56
"358",0.00252000854447332,60.29,113.67,141.57
"359",0.00253024704258431,60.26,113.98,141.58
"360",0.00254052713850806,60.23,114.29,141.59
"361",0.00255084900125158,60.2,114.6,141.6
"362",0.00256121280050854,60.17,114.91,141.61
"363",0.00257161870666207,60.14,115.22,141.62
"364",0.00258206689078751,60.11,115.53,141.63
"365",0.00259255752465531,60.08,115.84,141.64
"366",0.00260309078073377,60.05,116.15,141.65
"367",0.0026136668321919,60.02,116.46,141.66
"368",0.00262428585290231,59.99,116.77,141.67
"369",0.00263494801744401,59.96,117.08,141.68
"370",0.0026456535011053,59.93,117.39,141.69
"371",0.00265640247988667,59.9,117.7,141.7
"372",0.00266719513050367,59.87,118.01,141.71
"373",0.00267803163038984,59.84,118.32,141.72
"374",0.00268891215769958,59.81,118.63,141.73
"375",0.00269983689131115,59.78,118.94,141.74
"376",0.00271080601082953,59.75,119.25,141.75
"377",0.00272181969658946,59.72,119.56,141.76
"378",0.00273287812965831,59.69,119.87,141.77
"379",0.00274398149183915,59.66,120.18,141.78
"380",0.00275512996567366,59.63,120.49,141.79
"381",0.00276632373444518,59.6,120.8,141.8
"382",0.00277756298218172,59.57,121.11,141.81
"383",0.00278884789365895,59.54,121.42,141.82
"384",0.00280017865440327,59.51,121.73,141.83
"385",0.00281155545069487,59.48,122.04,141.84
"386",0.00282297846957075,59.45,122.35,141.85
"387",0.00283444789882783,59.42,122.66,141.86
"388",0.00284596392702603,59.39,122.97,141.87
"389",0.00285752674349137,59.36,123.28,141.88
"390",0.00286913653831906,59.33,123.59,141.89
"391",0.00288079350237665,59.3,123.9,141.9
"392",0.00289249782730719,59.27,124.21,141.91
"393",0.00290424970553233,59.24,124.52,141.92
"394",0.00291604933025549,59.21,124.83,141.93
"395",0.00292789689546509,59.18,125.14,141.94
"396",0.00293979259593767,59.15,125.45,141.95
"397",0.00295173662724115,59.12,125.76,141.96
"398",0.00296372918573801,59.09,126.07,141.97
"399",0.00297577046858851,59.06,126.38,141.98
"400",0.00298786067375397,59.03,126.69,141.99
"401",0.003,59,127,142
"402",0.00300864288823277,59.01,127.22,141.96
"403",0.00301731067630453,59.02,127.44,141.92
"404",0.00302600343595081,59.03,127.66,141.88
"405",0.00303472123911377,59.04,127.88,141.84
"406",0.00304346415794286,59.05,128.1,141.8
"407",0.00305223226479537,59.06,128.32,141.76
"408",0.00306102563223706,59.07,128.54,141.72
"409",0.00306984433304275,59.08,128.76,141.68
"410",0.00307868844019691,59.09,128.98,141.64
"411",0.00308755802689428,59.1,129.2,141.6
"412",0.00309645316654049,59.11,129.42,141.56
"413",0.00310537393275262,59.12,129.64,141.52
"414",0.00311432039935987,59.13,129.86,141.48
"415",0.0031232926404041,59.14,130.08,141.44
"416",0.00313229073014051,59.15,130.3,141.4
"417",0.00314131474303822,59.16,130.52,141.36
"418",0.00315036475378089,59.17,130.74,141.32
"419",0.00315944083726735,59.18,130.96,141.28
"420",0.0031685430686122,59.19,131.18,141.24
"421",0.00317767152314644,59.2,131.4,141.2
"422",0.0031868262764181,59.21,131.62,141.16
"423",0.00319600740419288,59.22,131.84,141.12
"424",0.00320521498245472,59.23,132.06,141.08
"425",0.0032144490874065,59.24,132.28,141.04
"426",0.00322370979547063,59.25,132.5,141
"427",0.00323299718328967,59.26,132.72,140.96
"428",0.00324231132772701,59.27,132.94,140.92
"429",0.00325165230586747,59.28,133.16,140.88
"430",0.00326102019501794,59.29,133.38,140.84
"431",0.00327041507270805,59.3,133.6,140.8
"432",0.00327983701669078,59.31,133.82,140.76
"433",0.00328928610494309,59.32,134.04,140.72
"434",0.00329876241566663,59.33,134.26,140.68
"435",0.00330826602728832,59.34,134.48,140.64
"436",0.00331779701846102,59.35,134.7,140.6
"437",0.00332735546806421,59.36,134.92,140.56
"438",0.00333694145520459,59.37,135.14,140.52
"439",0.0033465550592168,59.38,135.36,140.48
"440",0.003356196359664,59.39,135.58,140.44
"441",0.0033658654363386,59.4,135.8,140.4
"442",0.00337556236926287,59.41,136.02,140.36
"443",0.00338528723868962,59.42,136.24,140.32
"444",0.00339504012510289,59.43,136.46,140.28
"445",0.00340482110921856,59.44,136.68,140.24
"446",0.00341463027198508,59.45,136.9,140.2
"447",0.00342446769458407,59.46,137.12,140.16
"448",0.00343433345843108,59.47,137.34,140.12
"449",0.00344422764517616,59.48,137.56,140.08
"450",0.00345415033670465,59.49,137.78,140.04
"451",0.00346410161513775,59.5,138,140
"452",0.00347408156283328,59.51,138.22,139.96
"453",0.00348409026238631,59.52,138.44,139.92
"454",0.00349412779662987,59.53,138.66,139.88
"455",0.00350419424863562,59.54,138.88,139.84
"456",0.00351428970171458,59.55,139.1,139.8
"457",0.00352441423941774,59.56,139.32,139.76
"458",0.00353456794553682,59.57,139.54,139.72
"459",0.00354475090410495,59.58,139.76,139.68
"460",0.00355496319939734,59.59,139.98,139.64
"461",0.00356520491593201,59.6,140.2,139.6
"462",0.00357547613847044,59.61,140.42,139.56
"463",0.00358577695201835,59.62,140.64,139.52
"464",0.00359610744182632,59.63,140.86,139.48
"465",0.00360646769339056,59.64,141.08,139.44
"466",0.00361685779245358,59.65,141.3,139.4
"467",0.00362727782500491,59.66,141.52,139.36
"468",0.00363772787728181,59.67,141.74,139.32
"469",0.00364820803577,59.68,141.96,139.28
"470",0.00365871838720435,59.69,142.18,139.24
"471",0.00366925901856961,59.7,142.4,139.2
"472",0.00367983001710113,59.71,142.62,139.16
"473",0.00369043147028559,59.72,142.84,139.12
"474",0.00370106346586171,59.73,143.06,139.08
"475",0.00371172609182098,59.74,143.28,139.04
"476",0.0037224194364084,59.75,143.5,139
"477",0.00373314358812318,59.76,143.72,138.96
"478",0.00374389863571952,59.77,143.94,138.92
"479",0.0037546846682073,59.78,144.16,138.88
"480",0.00376550177485283,59.79,144.38,138.84
"481",0.00377635004517961,59.8,144.6,138.8
"482",0.00378722956896904,59.81,144.82,138.76
"483",0.00379814043626118,59.82,145.04,138.72
"484",0.0038090827373555,59.83,145.26,138.68
"485",0.0038200565628116,59.84,145.48,138.64
"486",0.00383106200345001,59.85,145.7,138.6
"487",0.00384209915035288,59.86,145.92,138.56
"488",0.00385316809486479,59.87,146.14,138.52
"489",0.00386426892859345,59.88,146.36,138.48
"490",0.00387540174341051,59.89,146.58,138.44
"491",0.00388656663145229,59.9,146.8,138.4
"492",0.00389776368512057,59.91,147.02,138.36
"493",0.00390899299708332,59.92,147.24,138.32
"494",0.00392025466027547,59.93,147.46,138.28
"495",0.00393154876789972,59.94,147.68,138.24
"496",0.00394287541342726,59.95,147.9,138.2
"497",0.00395423469059858,59.96,148.12,138.16
"498",0.00396562669342424,59.97,148.34,138.12
"499",0.00397705151618562,59.98,148.56,138.08
"500",0.00398850925343573,59.99,148.78,138.04
"501",0.004,60,149,138
"502",0.00400893570807293,60.05,149.18,137.92
"503",0.00401789137786556,60.1,149.36,137.84
"504",0.0040268670539709,60.15,149.54,137.76
"505",0.00403586278108159,60.2,149.72,137.68
"506",0.00404487860399013,60.25,149.9,137.6
"507",0.00405391456758906,60.3,150.08,137.52
"508",0.0040629707168712,60.35,150.26,137.44
"509",0.00407204709692991,60.4,150.44,137.36
"510",0.00408114375295926,60.45,150.62,137.28
"511",0.00409026073025429,60.5,150.8,137.2
"512",0.00409939807421122,60.55,150.98,137.12
"513",0.0041085558303277,60.6,151.16,137.04
"514",0.00411773404420299,60.65,151.34,136.96
"515",0.00412693276153823,60.7,151.52,136.88
"516",0.00413615202813666,60.75,151.7,136.8
"517",0.00414539188990383,60.8,151.88,136.72
"518",0.00415465239284785,60.85,152.06,136.64
"519",0.0041639335830796,60.9,152.24,136.56
"520",0.00417323550681297,60.95,152.42,136.48
"521",0.00418255821036509,61,152.6,136.4
"522",0.00419190174015656,61.05,152.78,136.32
"523",0.00420126614271167,61.1,152.96,136.24
"524",0.00421065146465867,61.15,153.14,136.16
"525",0.00422005775272993,61.2,153.32,136.08
"526",0.00422948505376226,61.25,153.5,136
"527",0.00423893341469707,61.3,153.68,135.92
"528",0.00424840288258065,61.35,153.86,135.84
"529",0.00425789350456439,61.4,154.04,135.76
"530",0.00426740532790499,61.45,154.22,135.68
"531",0.00427693839996475,61.5,154.4,135.6
"532",0.00428649276821175,61.55,154.58,135.52
"533",0.00429606848022012,61.6,154.76,135.44
"534",0.00430566558367026,61.65,154.94,135.36
"535",0.0043152841263491,61.7,155.12,135.28
"536",0.0043249241561503,61.75,155.3,135.2
"537",0.00433458572107454,61.8,155.48,135.12
"538",0.00434426886922969,61.85,155.66,135.04
"539",0.00435397364883113,61.9,155.84,134.96
"540",0.00436370010820193,61.95,156.02,134.88
"541",0.00437344829577311,62,156.2,134.8
"542",0.00438321826008389,62.05,156.38,134.72
"543",0.0043930100497819,62.1,156.56,134.64
"544",0.00440282371362348,62.15,156.74,134.56
"545",0.00441265930047386,62.2,156.92,134.48
"546",0.00442251685930744,62.25,157.1,134.4
"547",0.00443239643920804,62.3,157.28,134.32
"548",0.00444229808936911,62.35,157.46,134.24
"549",0.00445222185909399,62.4,157.64,134.16
"550",0.00446216779779619,62.45,157.82,134.08
"551",0.00447213595499958,62.5,158,134
"552",0.00448212638033866,62.55,158.18,133.92
"553",0.00449213912355884,62.6,158.36,133.84
"554",0.00450217423451662,62.65,158.54,133.76
"555",0.0045122317631799,62.7,158.72,133.68
"556",0.00452231175962819,62.75,158.9,133.6
"557",0.0045324142740529,62.8,159.08,133.52
"558",0.00454253935675753,62.85,159.26,133.44
"559",0.00455268705815798,62.9,159.44,133.36
"560",0.00456285742878276,62.95,159.62,133.28
"561",0.00457305051927326,63,159.8,133.2
"562",0.00458326638038401,63.05,159.98,133.12
"563",0.00459350506298291,63.1,160.16,133.04
"564",0.0046037666180515,63.15,160.34,132.96
"565",0.00461405109668521,63.2,160.52,132.88
"566",0.0046243585500936,63.25,160.7,132.8
"567",0.00463468902960065,63.3,160.88,132.72
"568",0.00464504258664498,63.35,161.06,132.64
"569",0.00465541927278013,63.4,161.24,132.56
"570",0.0046658191396748,63.45,161.42,132.48
"571",0.00467624223911311,63.5,161.6,132.4
"572",0.00468668862299486,63.55,161.78,132.32
"573",0.00469715834333582,63.6,161.96,132.24
"574",0.00470765145226792,63.65,162.14,132.16
"575",0.00471816800203956,63.7,162.32,132.08
"576",0.00472870804501588,63.75,162.5,132
"577",0.00473927163367898,63.8,162.68,131.92
"578",0.0047498588206282,63.85,162.86,131.84
"579",0.00476046965858039,63.9,163.04,131.76
"580",0.00477110420037017,63.95,163.22,131.68
"581",0.00478176249895019,64,163.4,131.6
"582",0.00479244460739136,64.05,163.58,131.52
"583",0.0048031505788832,64.1,163.76,131.44
"584",0.00481388046673401,64.15,163.94,131.36
"585",0.00482463432437119,64.2,164.12,131.28
"586",0.0048354122053415,64.25,164.3,131.2
"587",0.00484621416331131,64.3,164.48,131.12
"588",0.00485704025206687,64.35,164.66,131.04
"589",0.00486789052551461,64.4,164.84,130.96
"590",0.00487876503768136,64.45,165.02,130.88
"591",0.00488966384271464,64.5,165.2,130.8
"592",0.00490058699488296,64.55,165.38,130.72
"593",0.00491153454857603,64.6,165.56,130.64
"594",0.00492250655830508,64.65,165.74,130.56
"595",0.00493350307870311,64.7,165.92,130.48
"596",0.00494452416452516,64.75,166.1,130.4
"597",0.0049555698706486,64.8,166.28,130.32
"598",0.00496664025207338,64.85,166.46,130.24
"599",0.00497773536392233,64.9,166.64,130.16
"600",0.00498885526144141,64.95,166.82,130.08
"601",0.005,65,167,130
"602",0.00500912439318,65.12,167.14,129.88
"603",0.00501826543727018,65.24,167.28,129.76
"604",0.00502742316265643,65.36,167.42,129.64
"605",0.0050365975997801,65.48,167.56,129.52
"606",0.00504578877913807,65.6,167.7,129.4
"607",0.00505499673128288,65.72,167.84,129.28
"608",0.00506422148682285,65.84,167.98,129.16
"609",0.00507346307642213,65.96,168.12,129.04
"610",0.00508272153080082,66.08,168.26,128.92
"611",0.00509199688073512,66.2,168.4,128.8
"612",0.00510128915705735,66.32,168.54,128.68
"613",0.00511059839065613,66.44,168.68,128.56
"614",0.00511992461247641,66.56,168.82,128.44
"615",0.00512926785351965,66.68,168.96,128.32
"616",0.00513862814484386,66.8,169.1,128.2
"617",0.00514800551756374,66.92,169.24,128.08
"618",0.00515740000285075,67.04,169.38,127.96
"619",0.00516681163193326,67.16,169.52,127.84
"620",0.00517624043609661,67.28,169.66,127.72
"621",0.00518568644668324,67.4,169.8,127.6
"622",0.00519514969509279,67.52,169.94,127.48
"623",0.00520463021278219,67.64,170.08,127.36
"624",0.00521412803126577,67.76,170.22,127.24
"625",0.0052236431821154,67.88,170.36,127.12
"626",0.00523317569696053,68,170.5,127
"627",0.00524272560748835,68.12,170.64,126.88
"628",0.00525229294544386,68.24,170.78,126.76
"629",0.00526187774263002,68.36,170.92,126.64
"630",0.00527148003090779,68.48,171.06,126.52
"631",0.00528109984219629,68.6,171.2,126.4
"632",0.0052907372084729,68.72,171.34,126.28
"633",0.00530039216177333,68.84,171.48,126.16
"634",0.00531006473419177,68.96,171.62,126.04
"635",0.00531975495788098,69.08,171.76,125.92
"636",0.00532946286505237,69.2,171.9,125.8
"637",0.00533918848797616,69.32,172.04,125.68
"638",0.00534893185898145,69.44,172.18,125.56
"639",0.00535869301045632,69.56,172.32,125.44
"640",0.00536847197484798,69.68,172.46,125.32
"641",0.00537826878466285,69.8,172.6,125.2
"642",0.00538808347246665,69.92,172.74,125.08
"643",0.00539791607088454,70.04,172.88,124.96
"644",0.00540776661260122,70.16,173.02,124.84
"645",0.00541763513036103,70.28,173.16,124.72
"646",0.00542752165696807,70.4,173.3,124.6
"647",0.0054374262252863,70.52,173.44,124.48
"648",0.00544734886823965,70.64,173.58,124.36
"649",0.00545728961881214,70.76,173.72,124.24
"650",0.00546724851004797,70.88,173.86,124.12
"651",0.00547722557505166,71,174,124
"652",0.00548722084698813,71.12,174.14,123.88
"653",0.00549723435908281,71.24,174.28,123.76
"654",0.00550726614462179,71.36,174.42,123.64
"655",0.00551731623695187,71.48,174.56,123.52
"656",0.00552738466948074,71.6,174.7,123.4
"657",0.00553747147567703,71.72,174.84,123.28
"658",0.00554757668907045,71.84,174.98,123.16
"659",0.00555770034325191,71.96,175.12,123.04
"660",0.0055678424718736,72.08,175.26,122.92
"661",0.00557800310864914,72.2,175.4,122.8
"662",0.00558818228735365,72.32,175.54,122.68
"663",0.00559838004182392,72.44,175.68,122.56
"664",0.00560859640595845,72.56,175.82,122.44
"665",0.00561883141371763,72.68,175.96,122.32
"666",0.00562908509912381,72.8,176.1,122.2
"667",0.00563935749626143,72.92,176.24,122.08
"668",0.00564964863927713,73.04,176.38,121.96
"669",0.00565995856237985,73.16,176.52,121.84
"670",0.00567028729984098,73.28,176.66,121.72
"671",0.00568063488599444,73.4,176.8,121.6
"672",0.00569100135523681,73.52,176.94,121.48
"673",0.00570138674202743,73.64,177.08,121.36
"674",0.00571179108088853,73.76,177.22,121.24
"675",0.00572221440640534,73.88,177.36,121.12
"676",0.0057326567532262,74,177.5,121
"677",0.00574311815606268,74.12,177.64,120.88
"678",0.00575359864968971,74.24,177.78,120.76
"679",0.00576409826894565,74.36,177.92,120.64
"680",0.00577461704873245,74.48,178.06,120.52
"681",0.00578515502401576,74.6,178.2,120.4
"682",0.00579571222982504,74.72,178.34,120.28
"683",0.00580628870125365,74.84,178.48,120.16
"684",0.00581688447345902,74.96,178.62,120.04
"685",0.00582749958166271,75.08,178.76,119.92
"686",0.00583813406115059,75.2,178.9,119.8
"687",0.00584878794727289,75.32,179.04,119.68
"688",0.00585946127544436,75.44,179.18,119.56
"689",0.00587015408114439,75.56,179.32,119.44
"690",0.0058808663999171,75.68,179.46,119.32
"691",0.00589159826737148,75.8,179.6,119.2
"692",0.0059023497191815,75.92,179.74,119.08
"693",0.00591312079108623,76.04,179.88,118.96
"694",0.00592391151888997,76.16,180.02,118.84
"695",0.00593472193846235,76.28,180.16,118.72
"696",0.00594555208573845,76.4,180.3,118.6
"697",0.00595640199671894,76.52,180.44,118.48
"698",0.00596727170747018,76.64,180.58,118.36
"699",0.00597816125412435,76.76,180.72,118.24
"700",0.00598907067287957,76.88,180.86,118.12
"701",0.006,77,181,118
"702",0.00600925617318367,77.16,181.11,117.87
"703",0.00601852662582434,77.32,181.22,117.74
"704",0.00602781137995087,77.48,181.33,117.61
"705",0.00603711045762609,77.64,181.44,117.48
"706",0.00604642388094688,77.8,181.55,117.35
"707",0.0060557516720442,77.96,181.66,117.22
"708",0.00606509385308315,78.12,181.77,117.09
"709",0.00607445044626305,78.28,181.88,116.96
"710",0.00608382147381742,78.44,181.99,116.83
"711",0.00609320695801411,78.6,182.1,116.7
"712",0.00610260692115534,78.76,182.21,116.57
"713",0.00611202138557768,78.92,182.32,116.44
"714",0.00612145037365221,79.08,182.43,116.31
"715",0.00613089390778451,79.24,182.54,116.18
"716",0.0061403520104147,79.4,182.65,116.05
"717",0.00614982470401755,79.56,182.76,115.92
"718",0.00615931201110249,79.72,182.87,115.79
"719",0.00616881395421366,79.88,182.98,115.66
"720",0.00617833055593,80.04,183.09,115.53
"721",0.00618786183886527,80.2,183.2,115.4
"722",0.00619740782566813,80.36,183.31,115.27
"723",0.00620696853902217,80.52,183.42,115.14
"724",0.00621654400164596,80.68,183.53,115.01
"725",0.00622613423629315,80.84,183.64,114.88
"726",0.00623573926575247,81,183.75,114.75
"727",0.00624535911284781,81.16,183.86,114.62
"728",0.00625499380043826,81.32,183.97,114.49
"729",0.0062646433514182,81.48,184.08,114.36
"730",0.00627430778871731,81.64,184.19,114.23
"731",0.00628398713530065,81.8,184.3,114.1
"732",0.0062936814141687,81.96,184.41,113.97
"733",0.00630339064835743,82.12,184.52,113.84
"734",0.00631311486093835,82.28,184.63,113.71
"735",0.00632285407501856,82.44,184.74,113.58
"736",0.0063326083137408,82.6,184.85,113.45
"737",0.00634237760028352,82.76,184.96,113.32
"738",0.00635216195786093,82.92,185.07,113.19
"739",0.00636196140972304,83.08,185.18,113.06
"740",0.00637177597915575,83.24,185.29,112.93
"741",0.00638160568948085,83.4,185.4,112.8
"742",0.00639145056405614,83.56,185.51,112.67
"743",0.00640131062627543,83.72,185.62,112.54
"744",0.00641118589956864,83.88,185.73,112.41
"745",0.00642107640740183,84.04,185.84,112.28
"746",0.00643098217327724,84.2,185.95,112.15
"747",0.0064409032207334,84.36,186.06,112.02
"748",0.00645083957334513,84.52,186.17,111.89
"749",0.00646079125472362,84.68,186.28,111.76
"750",0.0064707582885165,84.84,186.39,111.63
"751",0.00648074069840786,85,186.5,111.5
"752",0.00649073850811835,85.16,186.61,111.37
"753",0.00650075174140519,85.32,186.72,111.24
"754",0.00651078042206227,85.48,186.83,111.11
"755",0.00652082457392018,85.64,186.94,110.98
"756",0.00653088422084627,85.8,187.05,110.85
"757",0.00654095938674471,85.96,187.16,110.72
"758",0.00655105009555656,86.12,187.27,110.59
"759",0.00656115637125978,86.28,187.38,110.46
"760",0.00657127823786937,86.44,187.49,110.33
"761",0.00658141571943734,86.6,187.6,110.2
"762",0.00659156884005281,86.76,187.71,110.07
"763",0.00660173762384208,86.92,187.82,109.94
"764",0.00661192209496865,87.08,187.93,109.81
"765",0.00662212227763331,87.24,188.04,109.68
"766",0.00663233819607418,87.4,188.15,109.55
"767",0.00664256987456677,87.56,188.26,109.42
"768",0.00665281733742404,87.72,188.37,109.29
"769",0.00666308060899646,87.88,188.48,109.16
"770",0.00667335971367206,88.04,188.59,109.03
"771",0.00668365467587651,88.2,188.7,108.9
"772",0.00669396552007314,88.36,188.81,108.77
"773",0.00670429227076302,88.52,188.92,108.64
"774",0.00671463495248504,88.68,189.03,108.51
"775",0.00672499358981593,88.84,189.14,108.38
"776",0.00673536820737033,89,189.25,108.25
"777",0.00674575882980087,89.16,189.36,108.12
"778",0.00675616548179818,89.32,189.47,107.99
"779",0.00676658818809103,89.48,189.58,107.86
"780",0.00677702697344628,89.64,189.69,107.73
"781",0.00678748186266905,89.8,189.8,107.6
"782",0.0067979528806027,89.96,189.91,107.47
"783",0.00680844005212892,90.12,190.02,107.34
"784",0.00681894340216777,90.28,190.13,107.21
"785",0.00682946295567779,90.44,190.24,107.08
"786",0.00683999873765599,90.6,190.35,106.95
"787",0.00685055077313796,90.76,190.46,106.82
"788",0.00686111908719791,90.92,190.57,106.69
"789",0.00687170370494873,91.08,190.68,106.56
"790",0.00688230465154204,91.24,190.79,106.43
"791",0.00689292195216828,91.4,190.9,106.3
"792",0.00690355563205675,91.56,191.01,106.17
"793",0.00691420571647565,91.72,191.12,106.04
"794",0.00692487223073219,91.88,191.23,105.91
"795",0.00693555520017259,92.04,191.34,105.78
"796",0.00694625465018221,92.2,191.45,105.65
"797",0.00695697060618554,92.36,191.56,105.52
"798",0.00696770309364629,92.52,191.67,105.39
"799",0.00697845213806749,92.68,191.78,105.26
"800",0.00698921776499148,92.84,191.89,105.13
"801",0.007,93,192,105
"802",0.0070093534409839,93.18,192.09,104.85
"803",0.00701871938009041,93.36,192.18,104.7
"804",0.00702809783401959,93.54,192.27,104.55
"805",0.00703748881949382,93.72,192.36,104.4
"806",0.00704689235325783,93.9,192.45,104.25
"807",0.0070563084520787,94.08,192.54,104.1
"808",0.00706573713274595,94.26,192.63,103.95
"809",0.00707517841207151,94.44,192.72,103.8
"810",0.00708463230688978,94.62,192.81,103.65
"811",0.00709409883405766,94.8,192.9,103.5
"812",0.00710357801045456,94.98,192.99,103.35
"813",0.00711306985298247,95.16,193.08,103.2
"814",0.00712257437856594,95.34,193.17,103.05
"815",0.00713209160415213,95.52,193.26,102.9
"816",0.00714162154671088,95.7,193.35,102.75
"817",0.00715116422323467,95.88,193.44,102.6
"818",0.00716071965073871,96.06,193.53,102.45
"819",0.00717028784626091,96.24,193.62,102.3
"820",0.007179868826862,96.42,193.71,102.15
"821",0.00718946260962546,96.6,193.8,102
"822",0.00719906921165762,96.78,193.89,101.85
"823",0.00720868865008766,96.96,193.98,101.7
"824",0.00721832094206765,97.14,194.07,101.55
"825",0.00722796610477258,97.32,194.16,101.4
"826",0.00723762415540039,97.5,194.25,101.25
"827",0.00724729511117199,97.68,194.34,101.1
"828",0.00725697898933132,97.86,194.43,100.95
"829",0.00726667580714534,98.04,194.52,100.8
"830",0.00727638558190409,98.22,194.61,100.65
"831",0.00728610833092073,98.4,194.7,100.5
"832",0.00729584407153153,98.58,194.79,100.35
"833",0.00730559282109594,98.76,194.88,100.2
"834",0.00731535459699659,98.94,194.97,100.05
"835",0.00732512941663935,99.12,195.06,99.9
"836",0.00733491729745335,99.3,195.15,99.75
"837",0.007344718256891,99.48,195.24,99.6
"838",0.00735453231242803,99.66,195.33,99.45
"839",0.00736435948156353,99.84,195.42,99.3
"840",0.00737419978181997,100.02,195.51,99.15
"841",0.00738405323074322,100.2,195.6,99
"842",0.00739391984590262,100.38,195.69,98.85
"843",0.00740379964489095,100.56,195.78,98.7
"844",0.00741369264532455,100.74,195.87,98.55
"845",0.00742359886484324,100.92,195.96,98.4
"846",0.00743351832111045,101.1,196.05,98.25
"847",0.0074434510318132,101.28,196.14,98.1
"848",0.00745339701466215,101.46,196.23,97.95
"849",0.00746335628739162,101.64,196.32,97.8
"850",0.00747332886775961,101.82,196.41,97.65
"851",0.00748331477354788,102,196.5,97.5
"852",0.00749331402256193,102.18,196.59,97.35
"853",0.00750332663263106,102.36,196.68,97.2
"854",0.00751335262160838,102.54,196.77,97.05
"855",0.00752339200737088,102.72,196.86,96.9
"856",0.00753344480781941,102.9,196.95,96.75
"857",0.00754351104087876,103.08,197.04,96.6
"858",0.00755359072449766,103.26,197.13,96.45
"859",0.00756368387664882,103.44,197.22,96.3
"860",0.00757379051532899,103.62,197.31,96.15
"861",0.00758391065855893,103.8,197.4,96
"862",0.0075940443243835,103.98,197.49,95.85
"863",0.00760419153087168,104.16,197.58,95.7
"864",0.00761435229611658,104.34,197.67,95.55
"865",0.0076245266382355,104.52,197.76,95.4
"866",0.00763471457536992,104.7,197.85,95.25
"867",0.00764491612568558,104.88,197.94,95.1
"868",0.00765513130737251,105.06,198.03,94.95
"869",0.00766536013864502,105.24,198.12,94.8
"870",0.00767560263774176,105.42,198.21,94.65
"871",0.00768585882292576,105.6,198.3,94.5
"872",0.00769612871248446,105.78,198.39,94.35
"873",0.00770641232472971,105.96,198.48,94.2
"874",0.00771670967799785,106.14,198.57,94.05
"875",0.00772702079064971,106.32,198.66,93.9
"876",0.00773734568107068,106.5,198.75,93.75
"877",0.00774768436767067,106.68,198.84,93.6
"878",0.00775803686888423,106.86,198.93,93.45
"879",0.00776840320317053,107.04,199.02,93.3
"880",0.00777878338901339,107.22,199.11,93.15
"881",0.00778917744492134,107.4,199.2,93
"882",0.00779958538942766,107.58,199.29,92.85
"883",0.00781000724109037,107.76,199.38,92.7
"884",0.00782044301849228,107.94,199.47,92.55
"885",0.00783089274024106,108.12,199.56,92.4
"886",0.00784135642496922,108.3,199.65,92.25
"887",0.00785183409133418,108.48,199.74,92.1
"888",0.00786232575801828,108.66,199.83,91.95
"889",0.00787283144372883,108.84,199.92,91.8
"890",0.00788335116719814,109.02,200.01,91.65
"891",0.00789388494718353,109.2,200.1,91.5
"892",0.00790443280246742,109.38,200.19,91.35
"893",0.00791499475185729,109.56,200.28,91.2
"894",0.00792557081418578,109.74,200.37,91.05
"895",0.00793616100831067,109.92,200.46,90.9
"896",0.00794676535311496,110.1,200.55,90.75
"897",0.00795738386750685,110.28,200.64,90.6
"898",0.00796801657041985,110.46,200.73,90.45
"899",0.00797866348081274,110.64,200.82,90.3
"900",0.00798932461766962,110.82,200.91,90.15
"901",0.008,111,201,90
"902",0.0080094281941692,111.17,201.07,89.85
"903",0.00801886749969405,111.34,201.14,89.7
"904",0.00802831792966957,111.51,201.21,89.55
"905",0.00803777949720619,111.68,201.28,89.4
"906",0.0080472522154298,111.85,201.35,89.25
"907",0.00805673609748174,112.02,201.42,89.1
"908",0.00806623115651887,112.19,201.49,88.95
"909",0.00807573740571353,112.36,201.56,88.8
"910",0.00808525485825359,112.53,201.63,88.65
"911",0.00809478352734247,112.7,201.7,88.5
"912",0.00810432342619914,112.87,201.77,88.35
"913",0.00811387456805816,113.04,201.84,88.2
"914",0.00812343696616968,113.21,201.91,88.05
"915",0.00813301063379947,113.38,201.98,87.9
"916",0.00814259558422892,113.55,202.05,87.75
"917",0.00815219183075508,113.72,202.12,87.6
"918",0.00816179938669069,113.89,202.19,87.45
"919",0.00817141826536416,114.06,202.26,87.3
"920",0.00818104848011961,114.23,202.33,87.15
"921",0.00819069004431688,114.4,202.4,87
"922",0.00820034297133157,114.57,202.47,86.85
"923",0.00821000727455503,114.74,202.54,86.7
"924",0.00821968296739441,114.91,202.61,86.55
"925",0.00822937006327264,115.08,202.68,86.4
"926",0.00823906857562847,115.25,202.75,86.25
"927",0.00824877851791651,115.42,202.82,86.1
"928",0.00825849990360721,115.59,202.89,85.95
"929",0.0082682327461869,115.76,202.96,85.8
"930",0.00827797705915779,115.93,203.03,85.65
"931",0.00828773285603803,116.1,203.1,85.5
"932",0.00829750015036167,116.27,203.17,85.35
"933",0.00830727895567874,116.44,203.24,85.2
"934",0.00831706928555521,116.61,203.31,85.05
"935",0.00832687115357307,116.78,203.38,84.9
"936",0.00833668457333029,116.95,203.45,84.75
"937",0.00834650955844088,117.12,203.52,84.6
"938",0.00835634612253488,117.29,203.59,84.45
"939",0.00836619427925842,117.46,203.66,84.3
"940",0.00837605404227367,117.63,203.73,84.15
"941",0.00838592542525895,117.8,203.8,84
"942",0.00839580844190867,117.97,203.87,83.85
"943",0.00840570310593338,118.14,203.94,83.7
"944",0.0084156094310598,118.31,204.01,83.55
"945",0.00842552743103081,118.48,204.08,83.4
"946",0.00843545711960552,118.65,204.15,83.25
"947",0.00844539851055921,118.82,204.22,83.1
"948",0.00845535161768344,118.99,204.29,82.95
"949",0.00846531645478598,119.16,204.36,82.8
"950",0.00847529303569091,119.33,204.43,82.65
"951",0.00848528137423857,119.5,204.5,82.5
"952",0.00849528148428564,119.67,204.57,82.35
"953",0.00850529337970512,119.84,204.64,82.2
"954",0.00851531707438635,120.01,204.71,82.05
"955",0.00852535258223505,120.18,204.78,81.9
"956",0.00853539991717332,120.35,204.85,81.75
"957",0.00854545909313967,120.52,204.92,81.6
"958",0.00855553012408905,120.69,204.99,81.45
"959",0.00856561302399284,120.86,205.06,81.3
"960",0.00857570780683889,121.03,205.13,81.15
"961",0.00858581448663153,121.2,205.2,81
"962",0.00859593307739161,121.37,205.27,80.85
"963",0.0086060635931565,121.54,205.34,80.7
"964",0.00861620604798009,121.71,205.41,80.55
"965",0.00862636045593286,121.88,205.48,80.4
"966",0.00863652683110186,122.05,205.55,80.25
"967",0.00864670518759074,122.22,205.62,80.1
"968",0.00865689553951979,122.39,205.69,79.95
"969",0.00866709790102592,122.56,205.76,79.8
"970",0.00867731228626271,122.73,205.83,79.65
"971",0.00868753870940041,122.9,205.9,79.5
"972",0.00869777718462599,123.07,205.97,79.35
"973",0.00870802772614312,123.24,206.04,79.2
"974",0.00871829034817222,123.41,206.11,79.05
"975",0.00872856506495047,123.58,206.18,78.9
"976",0.00873885189073182,123.75,206.25,78.75
"977",0.00874915083978703,123.92,206.32,78.6
"978",0.00875946192640367,124.09,206.39,78.45
"979",0.00876978516488614,124.26,206.46,78.3
"980",0.00878012056955573,124.43,206.53,78.15
"981",0.00879046815475057,124.6,206.6,78
"982",0.00880082793482571,124.77,206.67,77.85
"983",0.00881119992415311,124.94,206.74,77.7
"984",0.00882158413712167,125.11,206.81,77.55
"985",0.00883198058813725,125.28,206.88,77.4
"986",0.0088423892916227,125.45,206.95,77.25
"987",0.00885281026201782,125.62,207.02,77.1
"988",0.00886324351377949,125.79,207.09,76.95
"989",0.00887368906138159,125.96,207.16,76.8
"990",0.00888414691931506,126.13,207.23,76.65
"991",0.00889461710208793,126.3,207.3,76.5
"992",0.00890509962422532,126.47,207.37,76.35
"993",0.00891559450026947,126.64,207.44,76.2
"994",0.00892610174477977,126.81,207.51,76.05
"995",0.00893662137233274,126.98,207.58,75.9
"996",0.00894715339752211,127.15,207.65,75.75
"997",0.00895769783495878,127.32,207.72,75.6
"998",0.00896825469927091,127.49,207.79,75.45
"999",0.00897882400510384,127.66,207.86,75.3
"1000",0.00898940576712024,127.83,207.93,75.15
"1001",0.009,128,208,75
"1002",0.00900948744354127,128.2,208.05,74.83
"1003",0.00901898488836975,128.4,208.1,74.66
"1004",0.00902849234502842,128.6,208.15,74.49
"1005",0.00903800982407133,128.8,208.2,74.32
"1006",0.0090475373360637,129,208.25,74.15
"1007",0.00905707489158186,129.2,208.3,73.98
"1008",0.00906662250121329,129.4,208.35,73.81
"1009",0.00907618017555665,129.6,208.4,73.64
"1010",0.00908574792522176,129.8,208.45,73.47
"1011",0.00909532576082962,130,208.5,73.3
"1012",0.00910491369301243,130.2,208.55,73.13
"1013",0.00911451173241361,130.4,208.6,72.96
"1014",0.00912411988968778,130.6,208.65,72.79
"1015",0.0091337381755008,130.8,208.7,72.62
"1016",0.00914336660052977,131,208.75,72.45
"1017",0.00915300517546307,131.2,208.8,72.28
"1018",0.0091626539110003,131.4,208.85,72.11
"1019",0.00917231281785239,131.6,208.9,71.94
"1020",0.00918198190674153,131.8,208.95,71.77
"1021",0.00919166118840122,132,209,71.6
"1022",0.00920135067357626,132.2,209.05,71.43
"1023",0.00921105037302281,132.4,209.1,71.26
"1024",0.00922076029750835,132.6,209.15,71.09
"1025",0.0092304804578117,132.8,209.2,70.92
"1026",0.00924021086472307,133,209.25,70.75
"1027",0.00924995152904401,133.2,209.3,70.58
"1028",0.00925970246158749,133.4,209.35,70.41
"1029",0.00926946367317785,133.6,209.4,70.24
"1030",0.00927923517465086,133.8,209.45,70.07
"1031",0.00928901697685371,134,209.5,69.9
"1032",0.00929880909064502,134.2,209.55,69.73
"1033",0.00930861152689486,134.4,209.6,69.56
"1034",0.00931842429648475,134.6,209.65,69.39
"1035",0.00932824741030769,134.8,209.7,69.22
"1036",0.00933808087926816,135,209.75,69.05
"1037",0.00934792471428215,135.2,209.8,68.88
"1038",0.00935777892627713,135.4,209.85,68.71
"1039",0.00936764352619209,135.6,209.9,68.54
"1040",0.00937751852497759,135.8,209.95,68.37
"1041",0.00938740393359569,136,210,68.2
"1042",0.00939729976302003,136.2,210.05,68.03
"1043",0.00940720602423582,136.4,210.1,67.86
"1044",0.00941712272823982,136.6,210.15,67.69
"1045",0.00942704988604042,136.8,210.2,67.52
"1046",0.00943698750865758,137,210.25,67.35
"1047",0.00944693560712292,137.2,210.3,67.18
"1048",0.00945689419247965,137.4,210.35,67.01
"1049",0.00946686327578264,137.6,210.4,66.84
"1050",0.00947684286809841,137.8,210.45,66.67
"1051",0.00948683298050514,138,210.5,66.5
"1052",0.00949683362409269,138.2,210.55,66.33
"1053",0.00950684480996263,138.4,210.6,66.16
"1054",0.00951686654922819,138.6,210.65,65.99
"1055",0.00952689885301437,138.8,210.7,65.82
"1056",0.00953694173245785,139,210.75,65.65
"1057",0.00954699519870708,139.2,210.8,65.48
"1058",0.00955705926292225,139.4,210.85,65.31
"1059",0.00956713393627531,139.6,210.9,65.14
"1060",0.00957721922994999,139.8,210.95,64.97
"1061",0.00958731515514183,140,211,64.8
"1062",0.00959742172305813,140.2,211.05,64.63
"1063",0.00960753894491805,140.4,211.1,64.46
"1064",0.00961766683195255,140.6,211.15,64.29
"1065",0.00962780539540442,140.8,211.2,64.12
"1066",0.00963795464652833,141,211.25,63.95
"1067",0.0096481145965908,141.2,211.3,63.78
"1068",0.00965828525687023,141.4,211.35,63.61
"1069",0.0096684666386569,141.6,211.4,63.44
"1070",0.009678658753253,141.8,211.45,63.27
"1071",0.00968886161197263,142,211.5,63.1
"1072",0.00969907522614183,142.2,211.55,62.93
"1073",0.00970929960709855,142.4,211.6,62.76
"1074",0.00971953476619273,142.6,211.65,62.59
"1075",0.00972978071478625,142.8,211.7,62.42
"1076",0.00974003746425297,143,211.75,62.25
"1077",0.00975030502597874,143.2,211.8,62.08
"1078",0.00976058341136142,143.4,211.85,61.91
"1079",0.00977087263181088,143.6,211.9,61.74
"1080",0.00978117269874901,143.8,211.95,61.57
"1081",0.00979148362360977,144,212,61.4
"1082",0.00980180541783913,144.2,212.05,61.23
"1083",0.00981213809289516,144.4,212.1,61.06
"1084",0.00982248166024799,144.6,212.15,60.89
"1085",0.00983283613137985,144.8,212.2,60.72
"1086",0.00984320151778507,145,212.25,60.55
"1087",0.00985357783097011,145.2,212.3,60.38
"1088",0.00986396508245353,145.4,212.35,60.21
"1089",0.00987436328376607,145.6,212.4,60.04
"1090",0.00988477244645059,145.8,212.45,59.87
"1091",0.00989519258206214,146,212.5,59.7
"1092",0.00990562370216795,146.2,212.55,59.53
"1093",0.00991606581834744,146.4,212.6,59.36
"1094",0.00992651894219222,146.6,212.65,59.19
"1095",0.00993698308530616,146.8,212.7,59.02
"1096",0.00994745825930531,147,212.75,58.85
"1097",0.00995794447581801,147.2,212.8,58.68
"1098",0.00996844174648483,147.4,212.85,58.51
"1099",0.00997895008295863,147.6,212.9,58.34
"1100",0.00998946949690454,147.8,212.95,58.17
"1101",0.01,148,213,58
"1102",0.0100532038576191,149.02,213.17,57.42
"1103",0.0101066907802847,150.04,213.34,56.84
"1104",0.0101604622740121,151.06,213.51,56.26
"1105",0.0102145198528292,152.08,213.68,55.68
"1106",0.0102688650388189,153.1,213.85,55.1
"1107",0.0103234993621624,154.12,214.02,54.52
"1108",0.0103784243611819,155.14,214.19,53.94
"1109",0.0104336415823841,156.16,214.36,53.36
"1110",0.0104891525805039,157.18,214.53,52.78
"1111",0.0105449589185477,158.2,214.7,52.2
"1112",0.0106010621678378,159.22,214.87,51.62
"1113",0.0106574639080567,160.24,215.04,51.04
"1114",0.0107141657272911,161.26,215.21,50.46
"1115",0.0107711692220773,162.28,215.38,49.88
"1116",0.0108284759974455,163.3,215.55,49.3
"1117",0.0108860876669655,164.32,215.72,48.72
"1118",0.0109440058527917,165.34,215.89,48.14
"1119",0.0110022321857091,166.36,216.06,47.56
"1120",0.0110607683051792,167.38,216.23,46.98
"1121",0.0111196158593858,168.4,216.4,46.4
"1122",0.0111787765052819,169.42,216.57,45.82
"1123",0.0112382519086362,170.44,216.74,45.24
"1124",0.0112980437440796,171.46,216.91,44.66
"1125",0.011358153695153,172.48,217.08,44.08
"1126",0.0114185834543543,173.5,217.25,43.5
"1127",0.011479334723186,174.52,217.42,42.92
"1128",0.0115404092122034,175.54,217.59,42.34
"1129",0.0116018086410626,176.56,217.76,41.76
"1130",0.0116635347385688,177.58,217.93,41.18
"1131",0.0117255892427254,178.6,218.1,40.6
"1132",0.0117879739007824,179.62,218.27,40.02
"1133",0.0118506904692858,180.64,218.44,39.44
"1134",0.0119137407141274,181.66,218.61,38.86
"1135",0.0119771264105939,182.68,218.78,38.28
"1136",0.0120408493434174,183.7,218.95,37.7
"1137",0.0121049113068254,184.72,219.12,37.12
"1138",0.0121693141045913,185.74,219.29,36.54
"1139",0.0122340595500856,186.76,219.46,35.96
"1140",0.0122991494663262,187.78,219.63,35.38
"1141",0.0123645856860304,188.8,219.8,34.8
"1142",0.0124303700516662,189.82,219.97,34.22
"1143",0.0124965044155044,190.84,220.14,33.64
"1144",0.0125629906396702,191.86,220.31,33.06
"1145",0.0126298305961965,192.88,220.48,32.48
"1146",0.0126970261670758,193.9,220.65,31.9
"1147",0.0127645792443137,194.92,220.82,31.32
"1148",0.0128324917299818,195.94,220.99,30.74
"1149",0.0129007655362718,196.96,221.16,30.16
"1150",0.0129694025855487,197.98,221.33,29.58
"1151",0.0130384048104053,199,221.5,29
"1152",0.0131077741537166,200.02,221.67,28.42
"1153",0.0131775125686943,201.04,221.84,27.84
"1154",0.0132476220189421,202.06,222.01,27.26
"1155",0.0133181044785108,203.08,222.18,26.68
"1156",0.0133889619319539,204.1,222.35,26.1
"1157",0.0134601963743834,205.12,222.52,25.52
"1158",0.0135318098115261,206.14,222.69,24.94
"1159",0.0136038042597802,207.16,222.86,24.36
"1160",0.0136761817462717,208.18,223.03,23.78
"1161",0.0137489443089118,209.2,223.2,23.2
"1162",0.0138220939964542,210.22,223.37,22.62
"1163",0.0138956328685527,211.24,223.54,22.04
"1164",0.0139695629958192,212.26,223.71,21.46
"1165",0.0140438864598822,213.28,223.88,20.88
"1166",0.0141186053534452,214.3,224.05,20.3
"1167",0.0141937217803457,215.32,224.22,19.72
"1168",0.0142692378556143,216.34,224.39,19.14
"1169",0.0143451557055346,217.36,224.56,18.56
"1170",0.0144214774677026,218.38,224.73,17.98
"1171",0.0144982052910875,219.4,224.9,17.4
"1172",0.0145753413360914,220.42,225.07,16.82
"1173",0.0146528877746109,221.44,225.24,16.24
"1174",0.0147308467900977,222.46,225.41,15.66
"1175",0.0148092205776206,223.48,225.58,15.08
"1176",0.0148880113439267,224.5,225.75,14.5
"1177",0.014967221307504,225.52,225.92,13.92
"1178",0.0150468526986438,226.54,226.09,13.34
"1179",0.0151269077595032,227.56,226.26,12.76
"1180",0.0152073887441685,228.58,226.43,12.18
"1181",0.0152882979187188,229.6,226.6,11.6
"1182",0.0153696375612893,230.62,226.77,11.02
"1183",0.0154514099621361,231.64,226.94,10.44
"1184",0.0155336174237,232.66,227.11,9.86
"1185",0.015616262260672,233.68,227.28,9.28
"1186",0.0156993468000579,234.7,227.45,8.7
"1187",0.0157828733812441,235.72,227.62,8.12
"1188",0.0158668443560637,236.74,227.79,7.54
"1189",0.0159512620888621,237.76,227.96,6.96
"1190",0.0160361289565641,238.78,228.13,6.38
"1191",0.0161214473487407,239.8,228.3,5.8
"1192",0.0162072196676763,240.82,228.47,5.22
"1193",0.0162934483284363,241.84,228.64,4.64
"1194",0.0163801357589353,242.86,228.81,4.06
"1195",0.0164672844000052,243.88,228.98,3.48
"1196",0.0165548967054643,244.9,229.15,2.9
"1197",0.0166429751421859,245.92,229.32,2.32
"1198",0.0167315221901681,246.94,229.49,1.74
"1199",0.0168205403426037,247.96,229.66,1.16
"1200",0.0169100321059501,248.98,229.83,0.58
"1201",0.017,250,230,0
